id,name,current_contribution,vision_2050,source_page
agriculture,"Kilimo (mazao, mifugo, uvuvi, misitu)","26.5% ya pato la taifa, 65% ya ajira, 30% ya mauzo ya nje","Sekta yenye tija, shindani na endelevu inayoifanya Tanzania kuwa kitovu cha chakula kikanda.",52
tourism,"Utalii","25% ya mauzo ya nje","Kivutio kikuu cha utalii barani Afrika, kikipanuka hadi utalii wa kiutamaduni, ikolojia, meli na MICE.",52
manufacturing,"Viwanda","8.1% ya pato la taifa, ukuaji wa takriban 8% kwa mwaka","Kitovu cha viwanda chenye ushindani wa kimataifa kinachohama kutoka malighafi hadi bidhaa kamili.",53
construction,"Ujenzi na Mali Isiyohamishika","Muhimu kwa ukuaji wa miji, makazi na miundombinu","Mamilioni ya ajira na maeneo ya mijini yenye ustahimilivu na uendelevu.",53
mining,"Madini","9% ya pato la taifa","Mchangiaji mkuu wa pato na mauzo ya nje kupitia uongezaji thamani wa dhahabu, vito na madini muhimu kama grafiti, lithiamu, urani na madini adimu.",54
blue-economy,"Uchumi wa Buluu","Ukanda mpana wa pwani na maziwa, ambao haujatumika sana","Viwanda vya baharini na maji baridi ikijumuisha uvuvi, utalii wa pwani, usafiri wa baharini, LNG na nishati ya bahari.",54
sports-creative,"Sekta za Michezo na Ubunifu","Uwezo wa vijana na utamaduni ambao haujatumika","Kitovu kikuu cha utamaduni na michezo barani Afrika kikijumuisha muziki, filamu, mavazi na burudani.",54
financial,"Huduma za Kifedha","Mahitaji yanayoongezeka ya benki, bima na uwekezaji","Mfumo wa kifedha jumuishi na wenye ufanisi unaopanua upatikanaji wa mikopo, akiba na uwekezaji.",54
services,"Huduma (rejareja na ukarimu)","Mahitaji yanayoongezeka ya tabaka la kati","Soko la watumiaji lenye nguvu na ushindani linaloendesha ajira na mapato.",55
