id,name,current_contribution,vision_2050,source_page,priorities
agriculture,"Kilimo (mazao, mifugo, uvuvi, misitu)","26.5% ya pato la taifa, 65% ya ajira, 30% ya mauzo ya nje","Sekta yenye tija, shindani na endelevu inayoifanya Tanzania kuwa kitovu cha chakula kikanda.",52,"Umwagiliaji na matumizi ya mashine kwa wingi|Uongezaji thamani na usindikaji wa mazao|Upatikanaji wa fedha na pembejeo kwa wakulima|Utafiti, ugani na kilimo kinachohimili tabianchi"
tourism,Utalii,25% ya mauzo ya nje,"Kivutio kikuu cha utalii barani Afrika, kikipanuka hadi utalii wa kiutamaduni, ikolojia, meli na MICE.",52,"Usafiri wa anga, barabara na reli hadi vivutio|Sehemu mpya: utamaduni, ikolojia, meli na MICE|Nguvu kazi yenye ujuzi wa ukarimu|Kutangaza Tanzania kama kivutio bora"
manufacturing,Viwanda,"8.1% ya pato la taifa, ukuaji wa takriban 8% kwa mwaka",Kitovu cha viwanda chenye ushindani wa kimataifa kinachohama kutoka malighafi hadi bidhaa kamili.,53,Nishati ya uhakika na nafuu|Kanda maalum za kiuchumi na maeneo ya viwanda|Kuhama kutoka malighafi hadi bidhaa kamili|Ujuzi wa uhandisi na uzalishaji
construction,Ujenzi na Mali Isiyohamishika,"Muhimu kwa ukuaji wa miji, makazi na miundombinu",Mamilioni ya ajira na maeneo ya mijini yenye ustahimilivu na uendelevu.,53,Fedha za makazi nafuu|Miundombinu ya mijini iliyopangwa na imara|Vifaa vya ndani na ujuzi wa ujenzi|Viwango vya ujenzi endelevu
mining,Madini,9% ya pato la taifa,"Mchangiaji mkuu wa pato na mauzo ya nje kupitia uongezaji thamani wa dhahabu, vito na madini muhimu kama grafiti, lithiamu, urani na madini adimu.",54,Uongezaji thamani na uchakataji wa ndani|Leseni na utawala wa uwazi|Nishati na usafirishaji hadi migodini|Ujuzi wa jiolojia na uchakataji
blue-economy,Uchumi wa Buluu,"Ukanda mpana wa pwani na maziwa, ambao haujatumika sana","Viwanda vya baharini na maji baridi ikijumuisha uvuvi, utalii wa pwani, usafiri wa baharini, LNG na nishati ya bahari.",54,"Meli za uvuvi, bandari na mnyororo wa baridi|Utalii wa pwani na baharini|Usimamizi endelevu wa uvuvi|Gesi ya baharini (LNG) na nishati ya bahari"
sports-creative,Sekta za Michezo na Ubunifu,Uwezo wa vijana na utamaduni ambao haujatumika,"Kitovu kikuu cha utamaduni na michezo barani Afrika kikijumuisha muziki, filamu, mavazi na burudani.",54,"Studio, kumbi na vituo vya ubunifu|Kukuza na kufunza vipaji|Ulinzi wa haki miliki|Upatikanaji wa fedha na masoko ya kimataifa"
financial,Huduma za Kifedha,"Mahitaji yanayoongezeka ya benki, bima na uwekezaji","Mfumo wa kifedha jumuishi na wenye ufanisi unaopanua upatikanaji wa mikopo, akiba na uwekezaji.",54,Malipo ya kidijitali na pesa za simu|Upatikanaji mpana wa mikopo na akiba|Masoko ya mitaji kwa fedha za muda mrefu|Udhibiti thabiti na imani ya wateja
services,Huduma (rejareja na ukarimu),Mahitaji yanayoongezeka ya tabaka la kati,Soko la watumiaji lenye nguvu na ushindani linaloendesha ajira na mapato.,55,Majukwaa ya kidijitali na biashara mtandaoni|Urasimishaji wa biashara ndogo|Ujuzi wa huduma kwa wateja na biashara|Miundombinu ya rejareja na ukarimu mijini
