id,name,note,source_page
fdi,Actualising foreign investment,"Lift actualised FDI to 10% of GDP by 2030 and halve the gap between pledged and delivered investment, backed by ready-to-operate SEZs and a project preparation fund.",105
capital,Deepening capital markets,"Fully liberalise the capital account beyond the EAC and SADC by June 2027 and modernise trading, settlement and custody, so foreign investors hold at least half of local market capitalisation.",104
credit,Deepening domestic credit,"Banking reforms to keep non-performing loans below 5%, improve securitisation and lift private investment to 25 to 30% of GDP.",105
cgct,Credit Guarantee Corporation,"A new Credit Guarantee Corporation of Tanzania to bridge collateral gaps, targeting TZS 7 billion in cumulative guarantees by June 2031.",105
msme,Mass MSME formalisation,"Register at least 250,000 MSMEs a year, lift their access to formal credit to 40% and expand credit-bureau coverage to 60% of adults by 2031.",105
ifc,Dar es Salaam International Financial Centre,Designating Dar es Salaam as an international financial centre to attract foreign portfolio investment.,105
ddi,Diaspora Direct Investment platforms,Connecting Tanzanian start-ups and MSMEs directly with the diaspora for equity and mentorship.,105
yiw,Youth Investment Windows,Dedicated windows inside financial institutions offering tailored products for young entrepreneurs.,105
scf,Supply Chain Finance,Letting local suppliers borrow against confirmed purchase orders from international buyers.,105
